<?xml version="1.0" encoding="UTF-8"?>
<!DOCTYPE fontscolors PUBLIC "-//NetBeans//DTD Editor Fonts and Colors settings 1.1//EN" "http://www.netbeans.org/dtds/EditorFontsColors-1_1.dtd">
<fontscolors>
    <fontcolor name="Deprecation2"/>
    <fontcolor name="Warning" waveUnderlined="ffc0c000"/>
    <fontcolor name="Usage"/>
    <fontcolor name="bookmark-2"/>
    <fontcolor name="bookmark-1"/>
    <fontcolor name="Error" waveUnderlined="red"/>
    <fontcolor name="bookmark-0"/>
    <fontcolor name="bookmark-6"/>
    <fontcolor name="bookmark-5"/>
    <fontcolor name="bookmark-4"/>
    <fontcolor name="bookmark-3"/>
    <fontcolor name="bookmark-9"/>
    <fontcolor name="bookmark-8"/>
    <fontcolor name="bookmark-7"/>
    <fontcolor name="SyntaxError"/>
    <fontcolor name="Deprecation" waveUnderlined="ffc0c000"/>
    <fontcolor name="numbered-bookmark"/>
    <fontcolor name="numbered-bookmarks"/>
</fontscolors>
