<?xml version="1.0" encoding="UTF-8"?>
<!DOCTYPE codetemplates PUBLIC "-//NetBeans//DTD Editor Code Templates settings 1.0//EN" "http://www.netbeans.org/dtds/EditorCodeTemplates-1_0.dtd">
<codetemplates>
    <codetemplate abbreviation="cipt" xml:space="preserve">
        <code><![CDATA[Html::element('input', ['type' => 'text', 'name' => '${cursor}', 'id' => '', 'value' => ''], NULL)]]></code>
    </codetemplate>
    <codetemplate abbreviation="cipr" xml:space="preserve">
        <code><![CDATA[Html::element('input', ['type' => 'radio', 'name' => '${cursor}', 'id' => '', 'value' => ''], NULL)]]></code>
    </codetemplate>
    <codetemplate abbreviation="csrf" xml:space="preserve">
        <code><![CDATA[if (\Input::method() == 'POST')
{
    // check for a valid CSRF token
    if (!\Security::check_token())
    {

    } else
    
    {

}
}]]></code>
    </codetemplate>
    <codetemplate abbreviation="fnew" xml:space="preserve">
        <code><![CDATA[    /**
     * function name
     *
     * @author Phuong.NLT
     * @param $aaa  note
     * @param $aaa  note
     * @return  TRUE
     */
    public function name($param1, $param2) {
        // TODO make something
        return;
    }]]></code>
    </codetemplate>
    <codetemplate abbreviation="cip" xml:space="preserve">
        <code><![CDATA[Html::element('input', ['type' => 'hidden', 'name' => '${cursor}', 'id' => '', 'value' => ''], NULL)]]></code>
    </codetemplate>
    <codetemplate abbreviation="phpdoc" xml:space="preserve">
        <code><![CDATA[    /**
     * function name
     *
     * @author Phuong.NLT
     * @param $aaa  note
     * @param $aaa  note
     * @return  TRUE
     */]]></code>
    </codetemplate>
    <codetemplate abbreviation="fis" xml:space="preserve">
        <code><![CDATA[isABC()]]></code>
    </codetemplate>
    <codetemplate abbreviation="qb" xml:space="preserve">
        <code><![CDATA[$this->_quote_column(${cursor}),]]></code>
    </codetemplate>
    <codetemplate abbreviation="qc" xml:space="preserve">
        <code><![CDATA[$this->_quote_identifier(${cursor}),]]></code>
    </codetemplate>
    <codetemplate abbreviation="farr" xml:space="preserve">
        <code><![CDATA[**_ary]]></code>
    </codetemplate>
    <codetemplate abbreviation="echop" xml:space="preserve">
        <code><![CDATA[echo '<pre>';print_r(${var});die();]]></code>
    </codetemplate>
    <codetemplate abbreviation="end" xml:space="preserve">
        <code><![CDATA[// END Customize function]]></code>
    </codetemplate>
    <codetemplate abbreviation="ca" xml:space="preserve">
        <code><![CDATA[Html::element('a', ['href' => 'javascript:', 'onClick' => ''], ${cursor}Html::element('img', ['src' => RPW . '', 'width' => 0, 'height' => 0, 'alt' => '', 'border' => 0], NULL))]]></code>
    </codetemplate>
    <codetemplate abbreviation="cc" xml:space="preserve">
        <code><![CDATA[Html::close('${cursor}')]]></code>
    </codetemplate>
    <codetemplate abbreviation="fobj" xml:space="preserve">
        <code><![CDATA[obj_**]]></code>
    </codetemplate>
    <codetemplate abbreviation="q2" xml:space="preserve">
        <code><![CDATA[' . Dictionary::translate('${cursor}', TRUE) . ']]></code>
    </codetemplate>
    <codetemplate abbreviation="qv" xml:space="preserve">
        <code><![CDATA[$this->_quote(${cursor}),]]></code>
    </codetemplate>
    <codetemplate abbreviation="ci" xml:space="preserve">
        <code><![CDATA[Html::element('img', ['src' => RPW . '${cursor}', 'width' => 0, 'height' => 0, 'alt' => '', 'border' => 0], NULL)]]></code>
    </codetemplate>
    <codetemplate abbreviation="vard" xml:space="preserve">
        <code><![CDATA[echo __LINE__ . '<br>';var_dump(${VARIABLE variableFromPreviousAssignment default="$variable"});]]></code>
    </codetemplate>
    <codetemplate abbreviation="elif" contexts="php-code" uuid="org.netbeans.modules.php.editor.codetemplate.elif" xml:space="preserve">
        <code><![CDATA[else if (${CONDITION variableFromPreviousAssignment instanceof="boolean" default="true"}) {
    ${selection}${cursor}
}]]></code>
    </codetemplate>
    <codetemplate abbreviation="cfr" xml:space="preserve">
        <code><![CDATA[Html::element('form', ['method' => 'post', 'name' => '${cursor}', 'id' => '', 'class' => 'cms8341-form', 'action' => ''], NULL)]]></code>
    </codetemplate>
    <codetemplate abbreviation="fbl" xml:space="preserve">
        <code><![CDATA[**_flg]]></code>
    </codetemplate>
    <codetemplate abbreviation="q" xml:space="preserve">
        <code><![CDATA[' . Dictionary::translate('${cursor}') . ']]></code>
    </codetemplate>
    <codetemplate abbreviation="inclass" xml:space="preserve">
        <code><![CDATA[_sort()]]></code>
    </codetemplate>
    <codetemplate abbreviation="dedu" xml:space="preserve">
        <code><![CDATA[\Debug::dump(${var});]]></code>
    </codetemplate>
    <codetemplate abbreviation="begin" xml:space="preserve">
        <code><![CDATA[// BEGIN Customize function]]></code>
    </codetemplate>
</codetemplates>
