<?xml version="1.0" encoding="UTF-8"?>
<!DOCTYPE codetemplates PUBLIC "-//NetBeans//DTD Editor Code Templates settings 1.0//EN" "http://www.netbeans.org/dtds/EditorCodeTemplates-1_0.dtd">
<codetemplates>
    <codetemplate abbreviation="cc" xml:space="preserve">
        <code><![CDATA[<?php echo Html::close('form'); ?>]]></code>
    </codetemplate>
    <codetemplate abbreviation="a" xml:space="preserve">
        <code><![CDATA[<h2 class="cms8341-heading"><?php echo Dictionary::translate('${cursor}'); ?></h2>]]></code>
    </codetemplate>
    <codetemplate abbreviation="q2" xml:space="preserve">
        <code><![CDATA[<?php echo Dictionary::translate('${cursor}', TRUE); ?>]]></code>
    </codetemplate>
    <codetemplate abbreviation="a2" xml:space="preserve">
        <code><![CDATA[<h2 class="cms8341-heading-popup"><?php echo Dictionary::translate('${cursor}', TRUE); ?></h2>]]></code>
    </codetemplate>
    <codetemplate abbreviation="q" xml:space="preserve">
        <code><![CDATA[<?php echo Dictionary::translate('${cursor}'); ?>]]></code>
    </codetemplate>
    <codetemplate abbreviation="ci" xml:space="preserve">
        <code><![CDATA[<?php echo Html::element('img', ['src' => RPW . '${cursor}', 'width' => 0, 'height' => 0, 'alt' => '', 'border' => 0], NULL); ?>]]></code>
    </codetemplate>
    <codetemplate abbreviation="cip" xml:space="preserve">
        <code><![CDATA[<?php echo Html::element('input', ['type' => 'hidden', 'name' => '${cursor}', 'id' => '', 'value' => ''], NULL); ?>]]></code>
    </codetemplate>
    <codetemplate abbreviation="cfr" xml:space="preserve">
        <code><![CDATA[<?php echo Html::element('form', ['method' => 'post', 'name' => '${cursor}', 'id' => '', 'class' => 'cms8341-form', 'action' => ''], NULL); ?>]]></code>
    </codetemplate>
    <codetemplate abbreviation="ca" xml:space="preserve">
        <code><![CDATA[<?php echo Html::element('a', ['href' => 'javascript:', 'onClick' => ''], ${cursor}Html::element('img', ['src' => RPW . '', 'width' => 0, 'height' => 20, 'alt' => '', 'border' => 0], NULL)); ?>]]></code>
    </codetemplate>
</codetemplates>
