<?xml version="1.0" encoding="UTF-8"?>
<!DOCTYPE fontscolors PUBLIC "-//NetBeans//DTD Editor Fonts and Colors settings 1.1//EN" "http://www.netbeans.org/dtds/EditorFontsColors-1_1.dtd">
<fontscolors>
    <fontcolor foreColor="ffa0522d" name="number"/>
    <fontcolor foreColor="pink" name="default"/>
    <fontcolor foreColor="ffa0a0a0" name="pod"/>
    <fontcolor foreColor="ffc71585" name="string">
        <font style="italic"/>
    </fontcolor>
    <fontcolor foreColor="ffce7b00" name="variable"/>
    <fontcolor default="comment" foreColor="ff009966" name="comment">
        <font style="italic"/>
    </fontcolor>
    <fontcolor bgColor="ffff9900" foreColor="white" name="error"/>
    <fontcolor default="keyword" foreColor="blue" name="keyword"/>
    <fontcolor bgColor="blue" foreColor="ffce9a08" name="command">
        <font style="bold"/>
    </fontcolor>
</fontscolors>
